{
	"version": "0.3.18", 
	"suite": "unknown_suite", 
	"function_id": 23, 
	"function_name": "Katsuura", 
	"maximization": false, 
	"algorithm": {"name": "evolution strategy", "info": "Practical assignment part2 of the EA course"},
	"attributes": ["evaluations", "raw_y"],
	"scenarios": [
		{"dimension": 10,
		"path": "data_f23_Katsuura/IOHprofiler_f23_DIM10.dat",
		"runs": [
			{"instance": 1, "evals": 50011, "best": {"evals": 32889, "y": 1.170479011705681, "x": [-3.6786280250888606, 4.362915197509009, 3.1423199442277046, -0.3670062915152421, 1.585317971989321, -3.6060581486661065, 3.8219913258563816, 0.7659400237858969, 1.8420730623230621, 2.728291884370437]}},
			{"instance": 1, "evals": 50000, "best": {"evals": 29520, "y": 1.3106842638719107, "x": [2.2150273503120737, 3.0380352055024673, -1.910807500365927, 0.8137960882605524, 0.9528325603464962, -4.35353667053535, 0.4327583479918504, -0.011840277265174115, -4.979583627414925, 1.9833722469752622]}},
			{"instance": 1, "evals": 23534, "best": {"evals": 17968, "y": 1.65190127350673, "x": [-2.9573846783792592, -0.8722088089948227, 2.5954352604192064, -2.244332697638384, 4.287036697065002, -4.6016646764141536, -1.2333040675172353, 1.1772519860601411, 1.8833897234778407, 3.9882923085120034]}}
		]}
	]
}
